title,company,loaction,link
Senior Security Engineer,TomTom,"Amsterdam, Netherlands",https://stackoverflow.com/jobs/357282
Head of Web Development,European Bioinformatics Institute (EMBL-EBI),"Hinxton, UK",https://stackoverflow.com/jobs/357292
Fullstack (Ruby) Developer,Hemnet,"Stockholm, Sweden",https://stackoverflow.com/jobs/301112
React Native Engineer,Clearcover,"Chicago, IL",https://stackoverflow.com/jobs/350011
Automatizador/a Desarrollador/a QA,ALTEN TIC,"Madrid, Spain",https://stackoverflow.com/jobs/357291
QA Development Team Lead (m/f/d),relayr GmbH,"Katowice, Poland",https://stackoverflow.com/jobs/357290
Technisch Consultant Zorg-ICT Amsterdam - Software voor iedere Zorgprofessional,ChipSoft,"Amsterdam, Netherlands",https://stackoverflow.com/jobs/357289
BUSINESS ANALYST BI,GRUPO IBEROSTAR,"Palma, Spain",https://stackoverflow.com/jobs/357288
Full Stack Software Developer (Agile Custom Software and Consulting),Intelliware Development Inc.,"Toronto, ON, Canada",https://stackoverflow.com/jobs/345222
Backend Scala Engineer,Clearcover,"Chicago, IL",https://stackoverflow.com/jobs/335978
Salesforce Tech Lead - Service Cloud (f/m/d),Delivery Hero SE,"Berlin, Germany",https://stackoverflow.com/jobs/357287
Lead or Principal Product Designer,Salesforce,"San Francisco, CA",https://stackoverflow.com/jobs/337511
"Senior Engineer, Platform, Philanthropy Cloud - Salesforce.org",Salesforce,"San Francisco, CA",https://stackoverflow.com/jobs/337517
Development Engineer (m/w/d),Haufe Group,"Freiburg im Breisgau, Deutschland",https://stackoverflow.com/jobs/345215
Fullstack Developer (H/F/X),Doctolib,"Levallois-Perret, France",https://stackoverflow.com/jobs/357286
Software Developer(s) - Server V Web V Interface,AxeTrading Ltd,"Magdeburg, Germany",https://stackoverflow.com/jobs/272329
Desarrollador Sistemas (Protocolo SNMP),abde business consulting,"Madrid, Spain",https://stackoverflow.com/jobs/357284
Software Engineer,BCG Gamma,"Warsaw, Poland",https://stackoverflow.com/jobs/272325
Senior Full-Stack Developer,SONECT,"Zürich, Switzerland",https://stackoverflow.com/jobs/219677
Software Engineer,BCG Gamma,"Helsinki, Finland",https://stackoverflow.com/jobs/272324
Programador/a Java,Aubay,"Madrid, Spain",https://stackoverflow.com/jobs/345214
"Junior Software Engineer - Java, Kafka, React",SG Digital,Singapore,https://stackoverflow.com/jobs/301099
Senior Test Automation Engineer required to revolutionise core banking,Yobota,"London, UK",https://stackoverflow.com/jobs/301098
Senior Frontend Engineer - ReactJS,Choco,"Berlin, Germany",https://stackoverflow.com/jobs/357281
Software Engineer,BCG Gamma,"Stockholm, Sweden",https://stackoverflow.com/jobs/272320
Software Developer(s) - Server V Web V Interface,AxeTrading Ltd,"Magdeburg, Germany",https://stackoverflow.com/jobs/272329
Head of Web Development,European Bioinformatics Institute (EMBL-EBI),"Hinxton, UK",https://stackoverflow.com/jobs/357292
Fullstack (Ruby) Developer,Hemnet,"Stockholm, Sweden",https://stackoverflow.com/jobs/301112
React Native Engineer,Clearcover,"Chicago, IL",https://stackoverflow.com/jobs/350011
Automatizador/a Desarrollador/a QA,ALTEN TIC,"Madrid, Spain",https://stackoverflow.com/jobs/357291
QA Development Team Lead (m/f/d),relayr GmbH,"Katowice, Poland",https://stackoverflow.com/jobs/357290
Technisch Consultant Zorg-ICT Amsterdam - Software voor iedere Zorgprofessional,ChipSoft,"Amsterdam, Netherlands",https://stackoverflow.com/jobs/357289
BUSINESS ANALYST BI,GRUPO IBEROSTAR,"Palma, Spain",https://stackoverflow.com/jobs/357288
Full Stack Software Developer (Agile Custom Software and Consulting),Intelliware Development Inc.,"Toronto, ON, Canada",https://stackoverflow.com/jobs/345222
Backend Scala Engineer,Clearcover,"Chicago, IL",https://stackoverflow.com/jobs/335978
Salesforce Tech Lead - Service Cloud (f/m/d),Delivery Hero SE,"Berlin, Germany",https://stackoverflow.com/jobs/357287
Lead or Principal Product Designer,Salesforce,"San Francisco, CA",https://stackoverflow.com/jobs/337511
"Senior Engineer, Platform, Philanthropy Cloud - Salesforce.org",Salesforce,"San Francisco, CA",https://stackoverflow.com/jobs/337517
Development Engineer (m/w/d),Haufe Group,"Freiburg im Breisgau, Deutschland",https://stackoverflow.com/jobs/345215
Fullstack Developer (H/F/X),Doctolib,"Levallois-Perret, France",https://stackoverflow.com/jobs/357286
Desarrollador Sistemas (Protocolo SNMP),abde business consulting,"Madrid, Spain",https://stackoverflow.com/jobs/357284
Software Engineer,BCG Gamma,"Warsaw, Poland",https://stackoverflow.com/jobs/272325
Senior Full-Stack Developer,SONECT,"Zürich, Switzerland",https://stackoverflow.com/jobs/219677
Software Engineer,BCG Gamma,"Helsinki, Finland",https://stackoverflow.com/jobs/272324
Programador/a Java,Aubay,"Madrid, Spain",https://stackoverflow.com/jobs/345214
Senior Security Engineer,TomTom,"Amsterdam, Netherlands",https://stackoverflow.com/jobs/357282
"Junior Software Engineer - Java, Kafka, React",SG Digital,Singapore,https://stackoverflow.com/jobs/301099
Senior Test Automation Engineer required to revolutionise core banking,Yobota,"London, UK",https://stackoverflow.com/jobs/301098
Senior Frontend Engineer - ReactJS,Choco,"Berlin, Germany",https://stackoverflow.com/jobs/357281
Software Engineer,BCG Gamma,"Stockholm, Sweden",https://stackoverflow.com/jobs/272320
